Customer_PO,Shipping_Method,Style,Color,Size,Shipped_Date,Customer,Season,shippingCountry,RESOLVED_BY,Qty,SHIP_KEY
4492,AIR,MCLSCB64,001 - SHEPHERD,31/32,07/04/25,GREYSON,,USA,,10,4492|AIR|MCLSCB64|001 - SHEPHERD|31/32
4492,AIR,MCLSCB64,001 - SHEPHERD,31/32,07/06/25,GREYSON,,USA,,1,4492|AIR|MCLSCB64|001 - SHEPHERD|31/32
4492,AIR,MCLSCB64,001 - SHEPHERD,34/32,07/04/25,GREYSON,,USA,,59,4492|AIR|MCLSCB64|001 - SHEPHERD|34/32
4492,AIR,MCLSCB64,001 - SHEPHERD,34/32,07/06/25,GREYSON,,USA,,3,4492|AIR|MCLSCB64|001 - SHEPHERD|34/32
4492,AIR,MCLSCB64,001 - SHEPHERD,35/32,07/04/25,GREYSON,,USA,,16,4492|AIR|MCLSCB64|001 - SHEPHERD|35/32
4492,AIR,MCLSCB64,001 - SHEPHERD,35/32,07/06/25,GREYSON,,USA,,8,4492|AIR|MCLSCB64|001 - SHEPHERD|35/32
4492,AIR,MCLSCB64,001 - SHEPHERD,36/34,07/04/25,GREYSON,,USA,,6,4492|AIR|MCLSCB64|001 - SHEPHERD|36/34
4492,AIR,MCLSCB64,001 - SHEPHERD,36/34,07/06/25,GREYSON,,USA,,1,4492|AIR|MCLSCB64|001 - SHEPHERD|36/34
4492,AIR,MCLSCB64,261 - RIVERSTONE,30/32,07/04/25,GREYSON,,USA,,16,4492|AIR|MCLSCB64|261 - RIVERSTONE|30/32
4492,AIR,MCLSCB64,261 - RIVERSTONE,30/32,07/06/25,GREYSON,,USA,,13,4492|AIR|MCLSCB64|261 - RIVERSTONE|30/32
4492,AIR,MCLSCB64,261 - RIVERSTONE,32/32,07/04/25,GREYSON,,USA,,25,4492|AIR|MCLSCB64|261 - RIVERSTONE|32/32
4492,AIR,MCLSCB64,261 - RIVERSTONE,32/32,07/06/25,GREYSON,,USA,,36,4492|AIR|MCLSCB64|261 - RIVERSTONE|32/32
4492,AIR,MCLSCB64,261 - RIVERSTONE,33/32,07/04/25,GREYSON,,USA,,12,4492|AIR|MCLSCB64|261 - RIVERSTONE|33/32
4492,AIR,MCLSCB64,261 - RIVERSTONE,33/32,07/06/25,GREYSON,,USA,,15,4492|AIR|MCLSCB64|261 - RIVERSTONE|33/32
4492,AIR,MCLSCB64,261 - RIVERSTONE,34/32,07/04/25,GREYSON,,USA,,13,4492|AIR|MCLSCB64|261 - RIVERSTONE|34/32
4492,AIR,MCLSCB64,261 - RIVERSTONE,34/32,07/06/25,GREYSON,,USA,,43,4492|AIR|MCLSCB64|261 - RIVERSTONE|34/32
4492,AIR,MCLSCB64,261 - RIVERSTONE,34/34,07/04/25,GREYSON,,USA,,2,4492|AIR|MCLSCB64|261 - RIVERSTONE|34/34
4492,AIR,MCLSCB64,261 - RIVERSTONE,34/34,07/06/25,GREYSON,,USA,,3,4492|AIR|MCLSCB64|261 - RIVERSTONE|34/34
4492,AIR,MCLSCB64,261 - RIVERSTONE,35/32,07/04/25,GREYSON,,USA,,15,4492|AIR|MCLSCB64|261 - RIVERSTONE|35/32
4492,AIR,MCLSCB64,261 - RIVERSTONE,35/32,07/06/25,GREYSON,,USA,,8,4492|AIR|MCLSCB64|261 - RIVERSTONE|35/32
4492,AIR,MCLSCB64,261 - RIVERSTONE,36/32,07/04/25,GREYSON,,USA,,27,4492|AIR|MCLSCB64|261 - RIVERSTONE|36/32
4492,AIR,MCLSCB64,261 - RIVERSTONE,36/32,07/06/25,GREYSON,,USA,,26,4492|AIR|MCLSCB64|261 - RIVERSTONE|36/32
4492,AIR,MCLSCB64,261 - RIVERSTONE,36/34,07/04/25,GREYSON,,USA,,4,4492|AIR|MCLSCB64|261 - RIVERSTONE|36/34
4492,AIR,MCLSCB64,261 - RIVERSTONE,36/34,07/06/25,GREYSON,,USA,,2,4492|AIR|MCLSCB64|261 - RIVERSTONE|36/34
4492,AIR,MCLSCB64,261 - RIVERSTONE,38/32,07/04/25,GREYSON,,USA,,20,4492|AIR|MCLSCB64|261 - RIVERSTONE|38/32
4492,AIR,MCLSCB64,261 - RIVERSTONE,38/32,07/06/25,GREYSON,,USA,,4,4492|AIR|MCLSCB64|261 - RIVERSTONE|38/32
4492,AIR,MCLSCB64,417 - MALTESE BLUE,30/32,06/04/25,GREYSON,,USA,,17,4492|AIR|MCLSCB64|417 - MALTESE BLUE|30/32
4492,AIR,MCLSCB64,417 - MALTESE BLUE,30/32,07/04/25,GREYSON,,USA,,3,4492|AIR|MCLSCB64|417 - MALTESE BLUE|30/32
4492,AIR,MCLSCB64,417 - MALTESE BLUE,32/32,06/04/25,GREYSON,,USA,,44,4492|AIR|MCLSCB64|417 - MALTESE BLUE|32/32
4492,AIR,MCLSCB64,417 - MALTESE BLUE,32/32,07/04/25,GREYSON,,USA,,11,4492|AIR|MCLSCB64|417 - MALTESE BLUE|32/32
4492,AIR,MCLSCB64,417 - MALTESE BLUE,32/32,07/06/25,GREYSON,,USA,,3,4492|AIR|MCLSCB64|417 - MALTESE BLUE|32/32
4492,AIR,MCLSCB64,417 - MALTESE BLUE,33/32,06/04/25,GREYSON,,USA,,3,4492|AIR|MCLSCB64|417 - MALTESE BLUE|33/32
4492,AIR,MCLSCB64,417 - MALTESE BLUE,33/32,07/06/25,GREYSON,,USA,,13,4492|AIR|MCLSCB64|417 - MALTESE BLUE|33/32
4492,AIR,MCLSCB64,417 - MALTESE BLUE,34/32,06/04/25,GREYSON,,USA,,75,4492|AIR|MCLSCB64|417 - MALTESE BLUE|34/32
4492,AIR,MCLSCB64,417 - MALTESE BLUE,34/32,07/04/25,GREYSON,,USA,,10,4492|AIR|MCLSCB64|417 - MALTESE BLUE|34/32
4492,AIR,MCLSCB64,417 - MALTESE BLUE,35/32,06/04/25,GREYSON,,USA,,18,4492|AIR|MCLSCB64|417 - MALTESE BLUE|35/32
4492,AIR,MCLSCB64,417 - MALTESE BLUE,35/32,07/04/25,GREYSON,,USA,,1,4492|AIR|MCLSCB64|417 - MALTESE BLUE|35/32
4492,AIR,MCLSCB64,417 - MALTESE BLUE,35/32,07/06/25,GREYSON,,USA,,8,4492|AIR|MCLSCB64|417 - MALTESE BLUE|35/32
4492,AIR,MCLSCB64,417 - MALTESE BLUE,36/32,06/04/25,GREYSON,,USA,,46,4492|AIR|MCLSCB64|417 - MALTESE BLUE|36/32
4492,AIR,MCLSCB64,417 - MALTESE BLUE,36/32,07/04/25,GREYSON,,USA,,3,4492|AIR|MCLSCB64|417 - MALTESE BLUE|36/32
4492,AIR,MCLSCB64,417 - MALTESE BLUE,36/32,07/06/25,GREYSON,,USA,,2,4492|AIR|MCLSCB64|417 - MALTESE BLUE|36/32
4492,AIR,MCLSCB64,417 - MALTESE BLUE,38/32,06/04/25,GREYSON,,USA,,24,4492|AIR|MCLSCB64|417 - MALTESE BLUE|38/32
4492,AIR,MCLSCB64,417 - MALTESE BLUE,38/32,07/06/25,GREYSON,,USA,,1,4492|AIR|MCLSCB64|417 - MALTESE BLUE|38/32
4492,AIR,MCLSCK74,001 - SHEPHERD,2XL,06/04/25,GREYSON,,USA,,69,4492|AIR|MCLSCK74|001 - SHEPHERD|2XL
4492,AIR,MCLSCK74,001 - SHEPHERD,2XL,07/06/25,GREYSON,,USA,,4,4492|AIR|MCLSCK74|001 - SHEPHERD|2XL
4492,AIR,MCLSCK74,001 - SHEPHERD,L,06/04/25,GREYSON,,USA,,374111,4492|AIR|MCLSCK74|001 - SHEPHERD|L
4492,AIR,MCLSCK74,001 - SHEPHERD,L,07/06/25,GREYSON,,USA,,5,4492|AIR|MCLSCK74|001 - SHEPHERD|L
4492,AIR,MCLSCK74,001 - SHEPHERD,M,06/04/25,GREYSON,,USA,,316,4492|AIR|MCLSCK74|001 - SHEPHERD|M
4492,AIR,MCLSCK74,001 - SHEPHERD,M,07/06/25,GREYSON,,USA,,5,4492|AIR|MCLSCK74|001 - SHEPHERD|M
4492,AIR,MCLSCK74,001 - SHEPHERD,S,06/04/25,GREYSON,,USA,,69,4492|AIR|MCLSCK74|001 - SHEPHERD|S
4492,AIR,MCLSCK74,001 - SHEPHERD,S,07/06/25,GREYSON,,USA,,1,4492|AIR|MCLSCK74|001 - SHEPHERD|S
4492,AIR,MCLSCK74,001 - SHEPHERD,XL,06/04/25,GREYSON,,USA,,24735,4492|AIR|MCLSCK74|001 - SHEPHERD|XL
4492,AIR,MCLSCK74,001 - SHEPHERD,XL,07/06/25,GREYSON,,USA,,12,4492|AIR|MCLSCK74|001 - SHEPHERD|XL
4492,AIR,MCLSCK74,051 - SMOKE HEATHER,2XL,06/04/25,GREYSON,,USA,,1136,4492|AIR|MCLSCK74|051 - SMOKE HEATHER|2XL
4492,AIR,MCLSCK74,051 - SMOKE HEATHER,2XL,07/06/25,GREYSON,,USA,,4,4492|AIR|MCLSCK74|051 - SMOKE HEATHER|2XL
4492,AIR,MCLSCK74,051 - SMOKE HEATHER,L,06/04/25,GREYSON,,USA,,20228,4492|AIR|MCLSCK74|051 - SMOKE HEATHER|L
4492,AIR,MCLSCK74,051 - SMOKE HEATHER,L,07/06/25,GREYSON,,USA,,13,4492|AIR|MCLSCK74|051 - SMOKE HEATHER|L
4492,AIR,MCLSCK74,051 - SMOKE HEATHER,M,06/04/25,GREYSON,,USA,,22120,4492|AIR|MCLSCK74|051 - SMOKE HEATHER|M
4492,AIR,MCLSCK74,051 - SMOKE HEATHER,M,07/04/25,GREYSON,,USA,,14,4492|AIR|MCLSCK74|051 - SMOKE HEATHER|M
4492,AIR,MCLSCK74,051 - SMOKE HEATHER,M,07/06/25,GREYSON,,USA,,7,4492|AIR|MCLSCK74|051 - SMOKE HEATHER|M
4492,AIR,MCLSCK74,051 - SMOKE HEATHER,XL,06/04/25,GREYSON,,USA,,19144,4492|AIR|MCLSCK74|051 - SMOKE HEATHER|XL
4492,AIR,MCLSCK74,051 - SMOKE HEATHER,XL,07/04/25,GREYSON,,USA,,9,4492|AIR|MCLSCK74|051 - SMOKE HEATHER|XL
4492,AIR,MCLSCK74,051 - SMOKE HEATHER,XL,07/06/25,GREYSON,,USA,,12,4492|AIR|MCLSCK74|051 - SMOKE HEATHER|XL
4492,AIR,MCLSCK74,417 - MALTESE BLUE,2XL,06/04/25,GREYSON,,USA,,13314,4492|AIR|MCLSCK74|417 - MALTESE BLUE|2XL
4492,AIR,MCLSCK74,417 - MALTESE BLUE,2XL,07/04/25,GREYSON,,USA,,9,4492|AIR|MCLSCK74|417 - MALTESE BLUE|2XL
4492,AIR,MCLSCK74,417 - MALTESE BLUE,2XL,07/06/25,GREYSON,,USA,,3,4492|AIR|MCLSCK74|417 - MALTESE BLUE|2XL
4492,AIR,MCLSCK74,417 - MALTESE BLUE,L,06/04/25,GREYSON,,USA,,38152350,4492|AIR|MCLSCK74|417 - MALTESE BLUE|L
4492,AIR,MCLSCK74,417 - MALTESE BLUE,L,07/04/25,GREYSON,,USA,,76,4492|AIR|MCLSCK74|417 - MALTESE BLUE|L
4492,AIR,MCLSCK74,417 - MALTESE BLUE,L,07/06/25,GREYSON,,USA,,45,4492|AIR|MCLSCK74|417 - MALTESE BLUE|L
4492,AIR,MCLSCK74,417 - MALTESE BLUE,M,06/04/25,GREYSON,,USA,,18250,4492|AIR|MCLSCK74|417 - MALTESE BLUE|M
4492,AIR,MCLSCK74,417 - MALTESE BLUE,M,07/04/25,GREYSON,,USA,,240,4492|AIR|MCLSCK74|417 - MALTESE BLUE|M
4492,AIR,MCLSCK74,417 - MALTESE BLUE,M,07/06/25,GREYSON,,USA,,88,4492|AIR|MCLSCK74|417 - MALTESE BLUE|M
4492,AIR,MCLSCK74,417 - MALTESE BLUE,S,06/04/25,GREYSON,,USA,,19826,4492|AIR|MCLSCK74|417 - MALTESE BLUE|S
4492,AIR,MCLSCK74,417 - MALTESE BLUE,S,07/04/25,GREYSON,,USA,,29,4492|AIR|MCLSCK74|417 - MALTESE BLUE|S
4492,AIR,MCLSCK74,417 - MALTESE BLUE,S,07/06/25,GREYSON,,USA,,10,4492|AIR|MCLSCK74|417 - MALTESE BLUE|S
4492,AIR,MCLSCK74,417 - MALTESE BLUE,XL,06/04/25,GREYSON,,USA,,31308,4492|AIR|MCLSCK74|417 - MALTESE BLUE|XL
4492,AIR,MCLSCK74,417 - MALTESE BLUE,XL,07/04/25,GREYSON,,USA,,37,4492|AIR|MCLSCK74|417 - MALTESE BLUE|XL
4492,AIR,MCLSCK74,417 - MALTESE BLUE,XL,07/06/25,GREYSON,,USA,,29,4492|AIR|MCLSCK74|417 - MALTESE BLUE|XL
4492,AIR,MFA21K74,100 - ARCTIC,2XL,06/04/25,GREYSON,,USA,,661534,4492|AIR|MFA21K74|100 - ARCTIC|2XL
4492,AIR,MFA21K74,100 - ARCTIC,2XL,07/06/25,GREYSON,,USA,,31,4492|AIR|MFA21K74|100 - ARCTIC|2XL
4492,AIR,MFA21K74,100 - ARCTIC,L,06/04/25,GREYSON,,USA,,25218220,4492|AIR|MFA21K74|100 - ARCTIC|L
4492,AIR,MFA21K74,100 - ARCTIC,L,07/04/25,GREYSON,,USA,,77,4492|AIR|MFA21K74|100 - ARCTIC|L
4492,AIR,MFA21K74,100 - ARCTIC,L,07/06/25,GREYSON,,USA,,101,4492|AIR|MFA21K74|100 - ARCTIC|L
4492,AIR,MFA21K74,100 - ARCTIC,M,06/04/25,GREYSON,,USA,,211185181,4492|AIR|MFA21K74|100 - ARCTIC|M
4492,AIR,MFA21K74,100 - ARCTIC,M,07/04/25,GREYSON,,USA,,49,4492|AIR|MFA21K74|100 - ARCTIC|M
4492,AIR,MFA21K74,100 - ARCTIC,M,07/06/25,GREYSON,,USA,,72,4492|AIR|MFA21K74|100 - ARCTIC|M
4492,AIR,MFA21K74,100 - ARCTIC,S,06/04/25,GREYSON,,USA,,177829,4492|AIR|MFA21K74|100 - ARCTIC|S
4492,AIR,MFA21K74,100 - ARCTIC,S,07/06/25,GREYSON,,USA,,26,4492|AIR|MFA21K74|100 - ARCTIC|S
4492,AIR,MFA21K74,100 - ARCTIC,XL,06/04/25,GREYSON,,USA,,197112,4492|AIR|MFA21K74|100 - ARCTIC|XL
4492,AIR,MFA21K74,100 - ARCTIC,XL,07/04/25,GREYSON,,USA,,29,4492|AIR|MFA21K74|100 - ARCTIC|XL
4492,AIR,MFA21K74,100 - ARCTIC,XL,07/06/25,GREYSON,,USA,,77,4492|AIR|MFA21K74|100 - ARCTIC|XL
4492,AIR,MFA22B68,262 - STONE,30,06/04/25,GREYSON,,USA,,30,4492|AIR|MFA22B68|262 - STONE|30
4492,AIR,MFA22B68,262 - STONE,30,07/06/25,GREYSON,,USA,,2,4492|AIR|MFA22B68|262 - STONE|30
4492,AIR,MFA22B68,262 - STONE,31,06/04/25,GREYSON,,USA,,14,4492|AIR|MFA22B68|262 - STONE|31
4492,AIR,MFA22B68,262 - STONE,31,07/06/25,GREYSON,,USA,,8,4492|AIR|MFA22B68|262 - STONE|31
4492,AIR,MFA22B68,262 - STONE,32,06/04/25,GREYSON,,USA,,87,4492|AIR|MFA22B68|262 - STONE|32
4492,AIR,MFA22B68,262 - STONE,32,07/06/25,GREYSON,,USA,,34,4492|AIR|MFA22B68|262 - STONE|32
4492,AIR,MFA22B68,262 - STONE,34,06/04/25,GREYSON,,USA,,140,4492|AIR|MFA22B68|262 - STONE|34
4492,AIR,MFA22B68,262 - STONE,34,07/06/25,GREYSON,,USA,,26,4492|AIR|MFA22B68|262 - STONE|34
4492,AIR,MFA22B68,262 - STONE,36,06/04/25,GREYSON,,USA,,121,4492|AIR|MFA22B68|262 - STONE|36
4492,AIR,MFA22B68,262 - STONE,36,07/06/25,GREYSON,,USA,,24,4492|AIR|MFA22B68|262 - STONE|36
4492,AIR,MFA22B68,262 - STONE,40,06/04/25,GREYSON,,USA,,29,4492|AIR|MFA22B68|262 - STONE|40
4492,AIR,MFA22B68,262 - STONE,40,07/06/25,GREYSON,,USA,,1,4492|AIR|MFA22B68|262 - STONE|40
4492,AIR,MSP24O56,417 - MALTESE BLUE,2XL,06/04/25,GREYSON,,USA,,49,4492|AIR|MSP24O56|417 - MALTESE BLUE|2XL
4492,AIR,MSP24O56,417 - MALTESE BLUE,2XL,07/06/25,GREYSON,,USA,,12,4492|AIR|MSP24O56|417 - MALTESE BLUE|2XL
4492,AIR,MSP24O56,417 - MALTESE BLUE,L,06/04/25,GREYSON,,USA,,60,4492|AIR|MSP24O56|417 - MALTESE BLUE|L
4492,AIR,MSP24O56,417 - MALTESE BLUE,L,07/06/25,GREYSON,,USA,,44,4492|AIR|MSP24O56|417 - MALTESE BLUE|L
4492,AIR,MSP24O56,417 - MALTESE BLUE,M,06/04/25,GREYSON,,USA,,76,4492|AIR|MSP24O56|417 - MALTESE BLUE|M
4492,AIR,MSP24O56,417 - MALTESE BLUE,M,07/06/25,GREYSON,,USA,,11,4492|AIR|MSP24O56|417 - MALTESE BLUE|M
4492,AIR,MSP24O56,417 - MALTESE BLUE,S,06/04/25,GREYSON,,USA,,23,4492|AIR|MSP24O56|417 - MALTESE BLUE|S
4492,AIR,MSP24O56,417 - MALTESE BLUE,S,07/06/25,GREYSON,,USA,,8,4492|AIR|MSP24O56|417 - MALTESE BLUE|S
4492,AIR,MSP24O56,417 - MALTESE BLUE,XL,06/04/25,GREYSON,,USA,,63,4492|AIR|MSP24O56|417 - MALTESE BLUE|XL
4492,AIR,MSP24O56,417 - MALTESE BLUE,XL,07/06/25,GREYSON,,USA,,3,4492|AIR|MSP24O56|417 - MALTESE BLUE|XL
4526,AIR,LFA23B07,001 - SHEPHERD,S,06/04/25,GREYSON,,USA,,6512,4526|AIR|LFA23B07|001 - SHEPHERD|S
4526,AIR,LFA23B07,001 - SHEPHERD,S,07/06/25,GREYSON,,USA,,3,4526|AIR|LFA23B07|001 - SHEPHERD|S
4526,AIR,LSP25K47,100 - ARCTIC,L,07/04/25,GREYSON,,USA,,19,4526|AIR|LSP25K47|100 - ARCTIC|L
4526,AIR,LSP25K47,100 - ARCTIC,L,22/05/25,GREYSON,,USA,,46,4526|AIR|LSP25K47|100 - ARCTIC|L
4526,AIR,LSP25K47,100 - ARCTIC,M,07/04/25,GREYSON,,USA,,35,4526|AIR|LSP25K47|100 - ARCTIC|M
4526,AIR,LSP25K47,100 - ARCTIC,M,22/05/25,GREYSON,,USA,,57,4526|AIR|LSP25K47|100 - ARCTIC|M
4526,AIR,LSP25K47,100 - ARCTIC,S,07/04/25,GREYSON,,USA,,9,4526|AIR|LSP25K47|100 - ARCTIC|S
4526,AIR,LSP25K47,100 - ARCTIC,S,22/05/25,GREYSON,,USA,,87,4526|AIR|LSP25K47|100 - ARCTIC|S
4526,AIR,LSP25K47,873 - AGAVE,L,06/04/25,GREYSON,,USA,,45,4526|AIR|LSP25K47|873 - AGAVE|L
4526,AIR,LSP25K47,873 - AGAVE,L,22/05/25,GREYSON,,USA,,20,4526|AIR|LSP25K47|873 - AGAVE|L
4526,AIR,LSP25K47,873 - AGAVE,M,06/04/25,GREYSON,,USA,,68,4526|AIR|LSP25K47|873 - AGAVE|M
4526,AIR,LSP25K47,873 - AGAVE,M,22/05/25,GREYSON,,USA,,19,4526|AIR|LSP25K47|873 - AGAVE|M
4526,AIR,LSP25K47,873 - AGAVE,S,06/04/25,GREYSON,,USA,,47,4526|AIR|LSP25K47|873 - AGAVE|S
4526,AIR,LSP25K47,873 - AGAVE,S,22/05/25,GREYSON,,USA,,37,4526|AIR|LSP25K47|873 - AGAVE|S
4526,AIR,LSP25K47,873 - AGAVE,XL,06/04/25,GREYSON,,USA,,19,4526|AIR|LSP25K47|873 - AGAVE|XL
4526,AIR,LSP25K47,873 - AGAVE,XL,22/05/25,GREYSON,,USA,,5,4526|AIR|LSP25K47|873 - AGAVE|XL
4526,AIR,LSP25K47,873 - AGAVE,XS,06/04/25,GREYSON,,USA,,23,4526|AIR|LSP25K47|873 - AGAVE|XS
4526,AIR,LSP25K47,873 - AGAVE,XS,22/05/25,GREYSON,,USA,,14,4526|AIR|LSP25K47|873 - AGAVE|XS
4621,AIR,MFA25K72LS,100 - ARCTIC,L,06/04/25,GREYSON,,USA,,21,4621|AIR|MFA25K72LS|100 - ARCTIC|L
4621,AIR,MFA25K72LS,100 - ARCTIC,L,22/05/25,GREYSON,,USA,,10,4621|AIR|MFA25K72LS|100 - ARCTIC|L
4621,AIR,MFA25K72LS,100 - ARCTIC,M,06/04/25,GREYSON,,USA,,16,4621|AIR|MFA25K72LS|100 - ARCTIC|M
4621,AIR,MFA25K72LS,100 - ARCTIC,M,22/05/25,GREYSON,,USA,,8,4621|AIR|MFA25K72LS|100 - ARCTIC|M
4621,SEA,MFA24O60,417 - MALTESE BLUE,L,06/04/25,GREYSON,,USA,,89,4621|SEA|MFA24O60|417 - MALTESE BLUE|L
4621,SEA,MFA24O60,417 - MALTESE BLUE,L,07/04/25,GREYSON,,USA,,2,4621|SEA|MFA24O60|417 - MALTESE BLUE|L
4621,SEA,MFA25K65,100 - ARCTIC,2XL,06/04/25,GREYSON,,USA,,70,4621|SEA|MFA25K65|100 - ARCTIC|2XL
4621,SEA,MFA25K65,100 - ARCTIC,2XL,07/04/25,GREYSON,,USA,,24,4621|SEA|MFA25K65|100 - ARCTIC|2XL
4621,SEA,MFA25K65,100 - ARCTIC,L,06/04/25,GREYSON,,USA,,240,4621|SEA|MFA25K65|100 - ARCTIC|L
4621,SEA,MFA25K65,100 - ARCTIC,L,07/04/25,GREYSON,,USA,,136,4621|SEA|MFA25K65|100 - ARCTIC|L
4621,SEA,MFA25K65,100 - ARCTIC,L,07/06/25,GREYSON,,USA,,9,4621|SEA|MFA25K65|100 - ARCTIC|L
4621,SEA,MFA25K65,100 - ARCTIC,M,06/04/25,GREYSON,,USA,,170,4621|SEA|MFA25K65|100 - ARCTIC|M
4621,SEA,MFA25K65,100 - ARCTIC,M,07/04/25,GREYSON,,USA,,83,4621|SEA|MFA25K65|100 - ARCTIC|M
4621,SEA,MFA25K65,100 - ARCTIC,M,07/06/25,GREYSON,,USA,,56,4621|SEA|MFA25K65|100 - ARCTIC|M
4621,SEA,MFA25K65,100 - ARCTIC,S,07/04/25,GREYSON,,USA,,98,4621|SEA|MFA25K65|100 - ARCTIC|S
4621,SEA,MFA25K65,100 - ARCTIC,S,07/06/25,GREYSON,,USA,,3,4621|SEA|MFA25K65|100 - ARCTIC|S
4621,SEA,MFA25K65,100 - ARCTIC,XL,06/04/25,GREYSON,,USA,,150,4621|SEA|MFA25K65|100 - ARCTIC|XL
4621,SEA,MFA25K65,100 - ARCTIC,XL,07/04/25,GREYSON,,USA,,44,4621|SEA|MFA25K65|100 - ARCTIC|XL
4621,SEA,MFA25K65,100 - ARCTIC,XL,07/06/25,GREYSON,,USA,,39,4621|SEA|MFA25K65|100 - ARCTIC|XL
4621,SEA,MFA25K66,100 - ARCTIC,2XL,06/04/25,GREYSON,,USA,,52,4621|SEA|MFA25K66|100 - ARCTIC|2XL
4621,SEA,MFA25K66,100 - ARCTIC,2XL,07/04/25,GREYSON,,USA,,34,4621|SEA|MFA25K66|100 - ARCTIC|2XL
4621,SEA,MFA25K66,100 - ARCTIC,L,06/04/25,GREYSON,,USA,,330,4621|SEA|MFA25K66|100 - ARCTIC|L
4621,SEA,MFA25K66,100 - ARCTIC,L,07/04/25,GREYSON,,USA,,53,4621|SEA|MFA25K66|100 - ARCTIC|L
4621,SEA,MFA25K66,100 - ARCTIC,M,06/04/25,GREYSON,,USA,,282,4621|SEA|MFA25K66|100 - ARCTIC|M
4621,SEA,MFA25K66,100 - ARCTIC,M,07/04/25,GREYSON,,USA,,14,4621|SEA|MFA25K66|100 - ARCTIC|M
4621,SEA,MFA25K66,100 - ARCTIC,S,06/04/25,GREYSON,,USA,,60,4621|SEA|MFA25K66|100 - ARCTIC|S
4621,SEA,MFA25K66,100 - ARCTIC,S,07/04/25,GREYSON,,USA,,20,4621|SEA|MFA25K66|100 - ARCTIC|S
4621,SEA,MFA25K66,100 - ARCTIC,XL,06/04/25,GREYSON,,USA,,110,4621|SEA|MFA25K66|100 - ARCTIC|XL
4621,SEA,MFA25K66,100 - ARCTIC,XL,07/04/25,GREYSON,,USA,,144,4621|SEA|MFA25K66|100 - ARCTIC|XL
4621,SEA,MFA25K66,898 - VARSITY RED,L,06/04/25,GREYSON,,USA,,55,4621|SEA|MFA25K66|898 - VARSITY RED|L
4621,SEA,MFA25K66,898 - VARSITY RED,L,07/04/25,GREYSON,,USA,,150,4621|SEA|MFA25K66|898 - VARSITY RED|L
4621,SEA,MFA25K66,898 - VARSITY RED,M,06/04/25,GREYSON,,USA,,58,4621|SEA|MFA25K66|898 - VARSITY RED|M
4621,SEA,MFA25K66,898 - VARSITY RED,M,07/04/25,GREYSON,,USA,,102,4621|SEA|MFA25K66|898 - VARSITY RED|M
4621,SEA,MFA25K72LS,100 - ARCTIC,2XL,07/04/25,GREYSON,,USA,,11,4621|SEA|MFA25K72LS|100 - ARCTIC|2XL
4621,SEA,MFA25K72LS,100 - ARCTIC,2XL,22/05/25,GREYSON,,USA,,31,4621|SEA|MFA25K72LS|100 - ARCTIC|2XL
4621,SEA,MFA25K72LS,100 - ARCTIC,L,07/04/25,GREYSON,,USA,,93,4621|SEA|MFA25K72LS|100 - ARCTIC|L
4621,SEA,MFA25K72LS,100 - ARCTIC,L,22/05/25,GREYSON,,USA,,85,4621|SEA|MFA25K72LS|100 - ARCTIC|L
4621,SEA,MFA25K72LS,100 - ARCTIC,M,07/04/25,GREYSON,,USA,,129,4621|SEA|MFA25K72LS|100 - ARCTIC|M
4621,SEA,MFA25K72LS,100 - ARCTIC,M,22/05/25,GREYSON,,USA,,10,4621|SEA|MFA25K72LS|100 - ARCTIC|M
4621,SEA,MFA25K72LS,100 - ARCTIC,S,07/04/25,GREYSON,,USA,,20,4621|SEA|MFA25K72LS|100 - ARCTIC|S
4621,SEA,MFA25K72LS,100 - ARCTIC,S,22/05/25,GREYSON,,USA,,28,4621|SEA|MFA25K72LS|100 - ARCTIC|S
4621,SEA,MFA25K72LS,100 - ARCTIC,XL,07/04/25,GREYSON,,USA,,64,4621|SEA|MFA25K72LS|100 - ARCTIC|XL
4621,SEA,MFA25K72LS,100 - ARCTIC,XL,22/05/25,GREYSON,,USA,,51,4621|SEA|MFA25K72LS|100 - ARCTIC|XL
4621,SEA,MFA25K74,645 - AEGEAN,L,07/04/25,GREYSON,,USA,,173,4621|SEA|MFA25K74|645 - AEGEAN|L
4621,SEA,MFA25K74,645 - AEGEAN,L,07/06/25,GREYSON,,USA,,6,4621|SEA|MFA25K74|645 - AEGEAN|L
4621,SEA,MFA25K74,645 - AEGEAN,M,07/04/25,GREYSON,,USA,,139,4621|SEA|MFA25K74|645 - AEGEAN|M
4621,SEA,MFA25K74,645 - AEGEAN,M,07/06/25,GREYSON,,USA,,3,4621|SEA|MFA25K74|645 - AEGEAN|M
4621,SEA,MFA25K74,645 - AEGEAN,S,07/04/25,GREYSON,,USA,,38,4621|SEA|MFA25K74|645 - AEGEAN|S
4621,SEA,MFA25K74,645 - AEGEAN,S,07/06/25,GREYSON,,USA,,1,4621|SEA|MFA25K74|645 - AEGEAN|S
4621,SEA,MFA25K74,645 - AEGEAN,XL,07/04/25,GREYSON,,USA,,11221,4621|SEA|MFA25K74|645 - AEGEAN|XL
4621,SEA,MFA25K74,645 - AEGEAN,XL,07/06/25,GREYSON,,USA,,2,4621|SEA|MFA25K74|645 - AEGEAN|XL
4621,SEA,MFA25K78,417 - MALTESE BLUE,2XL,06/04/25,GREYSON,,USA,,36,4621|SEA|MFA25K78|417 - MALTESE BLUE|2XL
4621,SEA,MFA25K78,417 - MALTESE BLUE,2XL,07/04/25,GREYSON,,USA,,8,4621|SEA|MFA25K78|417 - MALTESE BLUE|2XL
4621,SEA,MFA25K78,417 - MALTESE BLUE,2XL,07/06/25,GREYSON,,USA,,1,4621|SEA|MFA25K78|417 - MALTESE BLUE|2XL
4621,SEA,MFA25K78,417 - MALTESE BLUE,L,06/04/25,GREYSON,,USA,,42,4621|SEA|MFA25K78|417 - MALTESE BLUE|L
4621,SEA,MFA25K78,417 - MALTESE BLUE,L,07/04/25,GREYSON,,USA,,176,4621|SEA|MFA25K78|417 - MALTESE BLUE|L
4621,SEA,MFA25K78,417 - MALTESE BLUE,M,06/04/25,GREYSON,,USA,,154,4621|SEA|MFA25K78|417 - MALTESE BLUE|M
4621,SEA,MFA25K78,417 - MALTESE BLUE,M,07/04/25,GREYSON,,USA,,18,4621|SEA|MFA25K78|417 - MALTESE BLUE|M
4621,SEA,MFA25K78,417 - MALTESE BLUE,M,07/06/25,GREYSON,,USA,,1,4621|SEA|MFA25K78|417 - MALTESE BLUE|M
4621,SEA,MFA25K78,417 - MALTESE BLUE,S,06/04/25,GREYSON,,USA,,46,4621|SEA|MFA25K78|417 - MALTESE BLUE|S
4621,SEA,MFA25K78,417 - MALTESE BLUE,S,07/04/25,GREYSON,,USA,,3,4621|SEA|MFA25K78|417 - MALTESE BLUE|S
4621,SEA,MFA25K78,417 - MALTESE BLUE,XL,06/04/25,GREYSON,,USA,,40,4621|SEA|MFA25K78|417 - MALTESE BLUE|XL
4621,SEA,MFA25K78,417 - MALTESE BLUE,XL,07/04/25,GREYSON,,USA,,100,4621|SEA|MFA25K78|417 - MALTESE BLUE|XL
4621,SEA,MFA25O67A,042 - SHADOW MULTI,2XL,07/04/25,GREYSON,,USA,,7,4621|SEA|MFA25O67A|042 - SHADOW MULTI|2XL
4621,SEA,MFA25O67A,042 - SHADOW MULTI,2XL,22/05/25,GREYSON,,USA,,8,4621|SEA|MFA25O67A|042 - SHADOW MULTI|2XL
4621,SEA,MFA25O67A,042 - SHADOW MULTI,L,07/04/25,GREYSON,,USA,,48,4621|SEA|MFA25O67A|042 - SHADOW MULTI|L
4621,SEA,MFA25O67A,042 - SHADOW MULTI,L,22/05/25,GREYSON,,USA,,23,4621|SEA|MFA25O67A|042 - SHADOW MULTI|L
4621,SEA,MFA25O67A,042 - SHADOW MULTI,M,07/04/25,GREYSON,,USA,,17,4621|SEA|MFA25O67A|042 - SHADOW MULTI|M
4621,SEA,MFA25O67A,042 - SHADOW MULTI,M,22/05/25,GREYSON,,USA,,47,4621|SEA|MFA25O67A|042 - SHADOW MULTI|M
4621,SEA,MFA25O67A,042 - SHADOW MULTI,S,07/04/25,GREYSON,,USA,,15,4621|SEA|MFA25O67A|042 - SHADOW MULTI|S
4621,SEA,MFA25O67A,042 - SHADOW MULTI,S,22/05/25,GREYSON,,USA,,2,4621|SEA|MFA25O67A|042 - SHADOW MULTI|S
4621,SEA,MFA25O67A,042 - SHADOW MULTI,XL,07/04/25,GREYSON,,USA,,14,4621|SEA|MFA25O67A|042 - SHADOW MULTI|XL
4621,SEA,MFA25O67A,042 - SHADOW MULTI,XL,22/05/25,GREYSON,,USA,,29,4621|SEA|MFA25O67A|042 - SHADOW MULTI|XL
4621,SEA,MSP22B55,001 - SHEPHERD,31,07/04/25,GREYSON,,USA,,2,4621|SEA|MSP22B55|001 - SHEPHERD|31
4621,SEA,MSP22B55,001 - SHEPHERD,31,22/05/25,GREYSON,,USA,,7,4621|SEA|MSP22B55|001 - SHEPHERD|31
4621,SEA,MSP22B55,001 - SHEPHERD,32,07/04/25,GREYSON,,USA,,2,4621|SEA|MSP22B55|001 - SHEPHERD|32
4621,SEA,MSP22B55,001 - SHEPHERD,32,22/05/25,GREYSON,,USA,,61,4621|SEA|MSP22B55|001 - SHEPHERD|32
4621,SEA,MSP22B55,001 - SHEPHERD,33,07/04/25,GREYSON,,USA,,1,4621|SEA|MSP22B55|001 - SHEPHERD|33
4621,SEA,MSP22B55,001 - SHEPHERD,33,22/05/25,GREYSON,,USA,,27,4621|SEA|MSP22B55|001 - SHEPHERD|33
4621,SEA,MSP22B55,001 - SHEPHERD,34,07/04/25,GREYSON,,USA,,2,4621|SEA|MSP22B55|001 - SHEPHERD|34
4621,SEA,MSP22B55,001 - SHEPHERD,34,22/05/25,GREYSON,,USA,,61,4621|SEA|MSP22B55|001 - SHEPHERD|34
4621,SEA,MSP22B55,001 - SHEPHERD,35,07/04/25,GREYSON,,USA,,2,4621|SEA|MSP22B55|001 - SHEPHERD|35
4621,SEA,MSP22B55,001 - SHEPHERD,35,22/05/25,GREYSON,,USA,,13,4621|SEA|MSP22B55|001 - SHEPHERD|35
4621,SEA,MSP22B55,001 - SHEPHERD,38,07/04/25,GREYSON,,USA,,1,4621|SEA|MSP22B55|001 - SHEPHERD|38
4621,SEA,MSP22B55,001 - SHEPHERD,38,22/05/25,GREYSON,,USA,,18,4621|SEA|MSP22B55|001 - SHEPHERD|38
4621,SEA,MSP22B55,001 - SHEPHERD,40,07/04/25,GREYSON,,USA,,1,4621|SEA|MSP22B55|001 - SHEPHERD|40
4621,SEA,MSP22B55,001 - SHEPHERD,40,22/05/25,GREYSON,,USA,,3,4621|SEA|MSP22B55|001 - SHEPHERD|40
4667,SEA,LSP25B82,001 - SHEPHERD,L,07/04/25,GREYSON,,USA,,13,4667|SEA|LSP25B82|001 - SHEPHERD|L
4667,SEA,LSP25B82,001 - SHEPHERD,L,22/05/25,GREYSON,,USA,,66,4667|SEA|LSP25B82|001 - SHEPHERD|L
4667,SEA,LSP25B82,001 - SHEPHERD,M,07/04/25,GREYSON,,USA,,36,4667|SEA|LSP25B82|001 - SHEPHERD|M
4667,SEA,LSP25B82,001 - SHEPHERD,M,22/05/25,GREYSON,,USA,,110,4667|SEA|LSP25B82|001 - SHEPHERD|M
4667,SEA,LSP25B82,001 - SHEPHERD,S,07/04/25,GREYSON,,USA,,25,4667|SEA|LSP25B82|001 - SHEPHERD|S
4667,SEA,LSP25B82,001 - SHEPHERD,S,22/05/25,GREYSON,,USA,,150,4667|SEA|LSP25B82|001 - SHEPHERD|S
4667,SEA,LSP25B82,001 - SHEPHERD,XL,07/04/25,GREYSON,,USA,,5,4667|SEA|LSP25B82|001 - SHEPHERD|XL
4667,SEA,LSP25B82,001 - SHEPHERD,XL,22/05/25,GREYSON,,USA,,20,4667|SEA|LSP25B82|001 - SHEPHERD|XL
4667,SEA,LSP25B82,001 - SHEPHERD,XS,07/04/25,GREYSON,,USA,,13,4667|SEA|LSP25B82|001 - SHEPHERD|XS
4667,SEA,LSP25B82,001 - SHEPHERD,XS,22/05/25,GREYSON,,USA,,66,4667|SEA|LSP25B82|001 - SHEPHERD|XS
4667,SEA,LSP25K70,001 - SHEPHERD,L,07/04/25,GREYSON,,USA,,102,4667|SEA|LSP25K70|001 - SHEPHERD|L
4667,SEA,LSP25K70,001 - SHEPHERD,L,07/06/25,GREYSON,,USA,,3,4667|SEA|LSP25K70|001 - SHEPHERD|L
4667,SEA,LSP25K70,001 - SHEPHERD,M,07/04/25,GREYSON,,USA,,148,4667|SEA|LSP25K70|001 - SHEPHERD|M
4667,SEA,LSP25K70,001 - SHEPHERD,M,07/06/25,GREYSON,,USA,,13,4667|SEA|LSP25K70|001 - SHEPHERD|M
4667,SEA,LSP25K70,001 - SHEPHERD,S,07/04/25,GREYSON,,USA,,142,4667|SEA|LSP25K70|001 - SHEPHERD|S
4667,SEA,LSP25K70,001 - SHEPHERD,S,07/06/25,GREYSON,,USA,,9,4667|SEA|LSP25K70|001 - SHEPHERD|S
4667,SEA,LSP25K70,001 - SHEPHERD,XL,07/04/25,GREYSON,,USA,,37,4667|SEA|LSP25K70|001 - SHEPHERD|XL
4667,SEA,LSP25K70,001 - SHEPHERD,XL,07/06/25,GREYSON,,USA,,4,4667|SEA|LSP25K70|001 - SHEPHERD|XL
4667,SEA,LSP25K70,001 - SHEPHERD,XS,07/04/25,GREYSON,,USA,,53,4667|SEA|LSP25K70|001 - SHEPHERD|XS
4667,SEA,LSP25K70,001 - SHEPHERD,XS,07/06/25,GREYSON,,USA,,2,4667|SEA|LSP25K70|001 - SHEPHERD|XS
4667,SEA,LSP25K70,100 - ARCTIC,L,07/04/25,GREYSON,,USA,,73,4667|SEA|LSP25K70|100 - ARCTIC|L
4667,SEA,LSP25K70,100 - ARCTIC,L,22/05/25,GREYSON,,USA,,40,4667|SEA|LSP25K70|100 - ARCTIC|L
4667,SEA,LSP25K70,100 - ARCTIC,M,07/04/25,GREYSON,,USA,,35,4667|SEA|LSP25K70|100 - ARCTIC|M
4667,SEA,LSP25K70,100 - ARCTIC,M,22/05/25,GREYSON,,USA,,130,4667|SEA|LSP25K70|100 - ARCTIC|M
4667,SEA,LSP25K70,100 - ARCTIC,S,07/04/25,GREYSON,,USA,,65,4667|SEA|LSP25K70|100 - ARCTIC|S
4667,SEA,LSP25K70,100 - ARCTIC,S,22/05/25,GREYSON,,USA,,86,4667|SEA|LSP25K70|100 - ARCTIC|S
4683,AIR,MSP23K56,001 - SHEPHERD,2XL,06/04/25,GREYSON,,USA,,68301,4683|AIR|MSP23K56|001 - SHEPHERD|2XL
4683,AIR,MSP23K56,001 - SHEPHERD,2XL,07/04/25,GREYSON,,USA,,1,4683|AIR|MSP23K56|001 - SHEPHERD|2XL
4683,AIR,MSP23K56,001 - SHEPHERD,L,06/04/25,GREYSON,,USA,,10140132,4683|AIR|MSP23K56|001 - SHEPHERD|L
4683,AIR,MSP23K56,001 - SHEPHERD,L,07/04/25,GREYSON,,USA,,10,4683|AIR|MSP23K56|001 - SHEPHERD|L
4683,AIR,MSP23K56,001 - SHEPHERD,M,06/04/25,GREYSON,,USA,,31136,4683|AIR|MSP23K56|001 - SHEPHERD|M
4683,AIR,MSP23K56,001 - SHEPHERD,M,07/04/25,GREYSON,,USA,,3,4683|AIR|MSP23K56|001 - SHEPHERD|M
4683,AIR,MSP23K56,001 - SHEPHERD,XL,06/04/25,GREYSON,,USA,,12192,4683|AIR|MSP23K56|001 - SHEPHERD|XL
4683,AIR,MSP23K56,001 - SHEPHERD,XL,07/04/25,GREYSON,,USA,,7,4683|AIR|MSP23K56|001 - SHEPHERD|XL
4683,AIR,MSP23K56,001 - SHEPHERD,XL,07/06/25,GREYSON,,USA,,1,4683|AIR|MSP23K56|001 - SHEPHERD|XL
4683,SEA,MCLSCB01,001 - SHEPHERD,32/32,06/04/25,GREYSON,,USA,,80,4683|SEA|MCLSCB01|001 - SHEPHERD|32/32
4683,SEA,MCLSCB01,001 - SHEPHERD,32/32,07/04/25,GREYSON,,USA,,42,4683|SEA|MCLSCB01|001 - SHEPHERD|32/32
4683,SEA,MCLSCB01,001 - SHEPHERD,34/32,06/04/25,GREYSON,,USA,,114,4683|SEA|MCLSCB01|001 - SHEPHERD|34/32
4683,SEA,MCLSCB01,001 - SHEPHERD,34/32,07/04/25,GREYSON,,USA,,23,4683|SEA|MCLSCB01|001 - SHEPHERD|34/32
4683,SEA,MCLSCB01,001 - SHEPHERD,36/32,06/04/25,GREYSON,,USA,,36,4683|SEA|MCLSCB01|001 - SHEPHERD|36/32
4683,SEA,MCLSCB01,001 - SHEPHERD,36/32,07/04/25,GREYSON,,USA,,69,4683|SEA|MCLSCB01|001 - SHEPHERD|36/32
4683,SEA,MCLSCB01,055 - SLATE,33/32,06/04/25,GREYSON,,USA,,36,4683|SEA|MCLSCB01|055 - SLATE|33/32
4683,SEA,MCLSCB01,055 - SLATE,33/32,07/04/25,GREYSON,,USA,,39,4683|SEA|MCLSCB01|055 - SLATE|33/32
4683,SEA,MCLSCB01,055 - SLATE,34/32,06/04/25,GREYSON,,USA,,62,4683|SEA|MCLSCB01|055 - SLATE|34/32
4683,SEA,MCLSCB01,055 - SLATE,34/32,07/04/25,GREYSON,,USA,,38,4683|SEA|MCLSCB01|055 - SLATE|34/32
4683,SEA,MCLSCB01,055 - SLATE,38/32,06/04/25,GREYSON,,USA,,12,4683|SEA|MCLSCB01|055 - SLATE|38/32
4683,SEA,MCLSCB01,055 - SLATE,38/32,07/04/25,GREYSON,,USA,,35,4683|SEA|MCLSCB01|055 - SLATE|38/32
4683,SEA,MCLSCB01,261 - RIVERSTONE,34/32,06/04/25,GREYSON,,USA,,20,4683|SEA|MCLSCB01|261 - RIVERSTONE|34/32
4683,SEA,MCLSCB01,261 - RIVERSTONE,34/32,07/04/25,GREYSON,,USA,,76,4683|SEA|MCLSCB01|261 - RIVERSTONE|34/32
4683,SEA,MCLSCB01,261 - RIVERSTONE,36/32,06/04/25,GREYSON,,USA,,11,4683|SEA|MCLSCB01|261 - RIVERSTONE|36/32
4683,SEA,MCLSCB01,261 - RIVERSTONE,36/32,07/04/25,GREYSON,,USA,,73,4683|SEA|MCLSCB01|261 - RIVERSTONE|36/32
4683,SEA,MCLSCB01,417 - MALTESE BLUE,32/32,06/04/25,GREYSON,,USA,,44,4683|SEA|MCLSCB01|417 - MALTESE BLUE|32/32
4683,SEA,MCLSCB01,417 - MALTESE BLUE,32/32,07/04/25,GREYSON,,USA,,80,4683|SEA|MCLSCB01|417 - MALTESE BLUE|32/32
4683,SEA,MCLSCB01,417 - MALTESE BLUE,33/32,06/04/25,GREYSON,,USA,,21,4683|SEA|MCLSCB01|417 - MALTESE BLUE|33/32
4683,SEA,MCLSCB01,417 - MALTESE BLUE,33/32,07/04/25,GREYSON,,USA,,78,4683|SEA|MCLSCB01|417 - MALTESE BLUE|33/32
4683,SEA,MCLSCB01,417 - MALTESE BLUE,34/32,06/04/25,GREYSON,,USA,,84,4683|SEA|MCLSCB01|417 - MALTESE BLUE|34/32
4683,SEA,MCLSCB01,417 - MALTESE BLUE,34/32,07/04/25,GREYSON,,USA,,76,4683|SEA|MCLSCB01|417 - MALTESE BLUE|34/32
4683,SEA,MCLSCB01,417 - MALTESE BLUE,35/32,06/04/25,GREYSON,,USA,,30,4683|SEA|MCLSCB01|417 - MALTESE BLUE|35/32
4683,SEA,MCLSCB01,417 - MALTESE BLUE,35/32,07/04/25,GREYSON,,USA,,37,4683|SEA|MCLSCB01|417 - MALTESE BLUE|35/32
4683,SEA,MCLSCB01,417 - MALTESE BLUE,38/32,06/04/25,GREYSON,,USA,,6,4683|SEA|MCLSCB01|417 - MALTESE BLUE|38/32
4683,SEA,MCLSCB01,417 - MALTESE BLUE,38/32,07/04/25,GREYSON,,USA,,70,4683|SEA|MCLSCB01|417 - MALTESE BLUE|38/32
4683,SEA,MCLSCB01-30,022 - ANTHRACITE,33/30,06/04/25,GREYSON,,USA,,28,4683|SEA|MCLSCB01-30|022 - ANTHRACITE|33/30
4683,SEA,MCLSCB01-30,022 - ANTHRACITE,33/30,07/04/25,GREYSON,,USA,,40,4683|SEA|MCLSCB01-30|022 - ANTHRACITE|33/30
4683,SEA,MCLSCB01-30,022 - ANTHRACITE,36/30,06/04/25,GREYSON,,USA,,8,4683|SEA|MCLSCB01-30|022 - ANTHRACITE|36/30
4683,SEA,MCLSCB01-30,022 - ANTHRACITE,36/30,07/04/25,GREYSON,,USA,,37,4683|SEA|MCLSCB01-30|022 - ANTHRACITE|36/30
4683,SEA,MCLSCB01-30,417 - MALTESE BLUE,32/30,06/04/25,GREYSON,,USA,,78,4683|SEA|MCLSCB01-30|417 - MALTESE BLUE|32/30
4683,SEA,MCLSCB01-30,417 - MALTESE BLUE,32/30,07/04/25,GREYSON,,USA,,1,4683|SEA|MCLSCB01-30|417 - MALTESE BLUE|32/30
4683,SEA,MCLSCB01-30,417 - MALTESE BLUE,36/30,06/04/25,GREYSON,,USA,,52,4683|SEA|MCLSCB01-30|417 - MALTESE BLUE|36/30
4683,SEA,MCLSCB01-30,417 - MALTESE BLUE,36/30,07/04/25,GREYSON,,USA,,2,4683|SEA|MCLSCB01-30|417 - MALTESE BLUE|36/30
4683,SEA,MCLSCB50,022 - ANTHRACITE,32,06/04/25,GREYSON,,USA,,305,4683|SEA|MCLSCB50|022 - ANTHRACITE|32
4683,SEA,MCLSCB50,022 - ANTHRACITE,32,07/04/25,GREYSON,,USA,,62,4683|SEA|MCLSCB50|022 - ANTHRACITE|32
4683,SEA,MCLSCB50,022 - ANTHRACITE,33,06/04/25,GREYSON,,USA,,152,4683|SEA|MCLSCB50|022 - ANTHRACITE|33
4683,SEA,MCLSCB50,022 - ANTHRACITE,33,07/04/25,GREYSON,,USA,,53,4683|SEA|MCLSCB50|022 - ANTHRACITE|33
4683,SEA,MCLSCB50,022 - ANTHRACITE,35,06/04/25,GREYSON,,USA,,108,4683|SEA|MCLSCB50|022 - ANTHRACITE|35
4683,SEA,MCLSCB50,022 - ANTHRACITE,35,07/04/25,GREYSON,,USA,,13,4683|SEA|MCLSCB50|022 - ANTHRACITE|35
4683,SEA,MCLSCB64,001 - SHEPHERD,31/32,07/04/25,GREYSON,,USA,,1,4683|SEA|MCLSCB64|001 - SHEPHERD|31/32
4683,SEA,MCLSCB64,001 - SHEPHERD,31/32,22/05/25,GREYSON,,USA,,12,4683|SEA|MCLSCB64|001 - SHEPHERD|31/32
4683,SEA,MCLSCB64,001 - SHEPHERD,34/32,07/04/25,GREYSON,,USA,,45,4683|SEA|MCLSCB64|001 - SHEPHERD|34/32
4683,SEA,MCLSCB64,001 - SHEPHERD,34/32,22/05/25,GREYSON,,USA,,22,4683|SEA|MCLSCB64|001 - SHEPHERD|34/32
4683,SEA,MCLSCB64,001 - SHEPHERD,35/32,07/04/25,GREYSON,,USA,,14,4683|SEA|MCLSCB64|001 - SHEPHERD|35/32
4683,SEA,MCLSCB64,001 - SHEPHERD,35/32,22/05/25,GREYSON,,USA,,11,4683|SEA|MCLSCB64|001 - SHEPHERD|35/32
4683,SEA,MCLSCB64,001 - SHEPHERD,36/32,07/04/25,GREYSON,,USA,,21,4683|SEA|MCLSCB64|001 - SHEPHERD|36/32
4683,SEA,MCLSCB64,001 - SHEPHERD,36/32,22/05/25,GREYSON,,USA,,38,4683|SEA|MCLSCB64|001 - SHEPHERD|36/32
4683,SEA,MCLSCB64,417 - MALTESE BLUE,31/32,07/04/25,GREYSON,,USA,,1,4683|SEA|MCLSCB64|417 - MALTESE BLUE|31/32
4683,SEA,MCLSCB64,417 - MALTESE BLUE,31/32,22/05/25,GREYSON,,USA,,8,4683|SEA|MCLSCB64|417 - MALTESE BLUE|31/32
4683,SEA,MCLSCB64,417 - MALTESE BLUE,36/34,07/04/25,GREYSON,,USA,,1,4683|SEA|MCLSCB64|417 - MALTESE BLUE|36/34
4683,SEA,MCLSCB64,417 - MALTESE BLUE,36/34,22/05/25,GREYSON,,USA,,6,4683|SEA|MCLSCB64|417 - MALTESE BLUE|36/34
4683,SEA,MCLSCB64,417 - MALTESE BLUE,40/32,07/04/25,GREYSON,,USA,,1,4683|SEA|MCLSCB64|417 - MALTESE BLUE|40/32
4683,SEA,MCLSCB64,417 - MALTESE BLUE,40/32,22/05/25,GREYSON,,USA,,9,4683|SEA|MCLSCB64|417 - MALTESE BLUE|40/32
4683,SEA,MFA22B46,417 - MALTESE BLUE,M,06/04/25,GREYSON,,USA,,50,4683|SEA|MFA22B46|417 - MALTESE BLUE|M
4683,SEA,MFA22B46,417 - MALTESE BLUE,M,07/04/25,GREYSON,,USA,,52,4683|SEA|MFA22B46|417 - MALTESE BLUE|M
4683,SEA,MFA22B46,417 - MALTESE BLUE,XL,06/04/25,GREYSON,,USA,,46,4683|SEA|MFA22B46|417 - MALTESE BLUE|XL
4683,SEA,MFA22B46,417 - MALTESE BLUE,XL,07/04/25,GREYSON,,USA,,30,4683|SEA|MFA22B46|417 - MALTESE BLUE|XL
4683,SEA,MFA22B68,262 - STONE,33,07/04/25,GREYSON,,USA,,1,4683|SEA|MFA22B68|262 - STONE|33
4683,SEA,MFA22B68,262 - STONE,33,07/06/25,GREYSON,,USA,,78,4683|SEA|MFA22B68|262 - STONE|33
4683,SEA,MFA22B68,262 - STONE,35,07/04/25,GREYSON,,USA,,1,4683|SEA|MFA22B68|262 - STONE|35
4683,SEA,MFA22B68,262 - STONE,35,07/06/25,GREYSON,,USA,,59,4683|SEA|MFA22B68|262 - STONE|35
4683,SEA,MFA23B49,417 - MALTESE BLUE,L,07/04/25,GREYSON,,USA,,145,4683|SEA|MFA23B49|417 - MALTESE BLUE|L
4683,SEA,MFA23B49,417 - MALTESE BLUE,L,07/06/25,GREYSON,,USA,,2,4683|SEA|MFA23B49|417 - MALTESE BLUE|L
4683,SEA,MFA23O56,051 - SMOKE HEATHER,2XL,07/04/25,GREYSON,,USA,,13,4683|SEA|MFA23O56|051 - SMOKE HEATHER|2XL
4683,SEA,MFA23O56,051 - SMOKE HEATHER,2XL,22/05/25,GREYSON,,USA,,2,4683|SEA|MFA23O56|051 - SMOKE HEATHER|2XL
4683,SEA,MFA23O56,051 - SMOKE HEATHER,L,07/04/25,GREYSON,,USA,,173,4683|SEA|MFA23O56|051 - SMOKE HEATHER|L
4683,SEA,MFA23O56,051 - SMOKE HEATHER,L,22/05/25,GREYSON,,USA,,6,4683|SEA|MFA23O56|051 - SMOKE HEATHER|L
4683,SEA,MFA23O56,051 - SMOKE HEATHER,M,07/04/25,GREYSON,,USA,,121,4683|SEA|MFA23O56|051 - SMOKE HEATHER|M
4683,SEA,MFA23O56,051 - SMOKE HEATHER,M,22/05/25,GREYSON,,USA,,68,4683|SEA|MFA23O56|051 - SMOKE HEATHER|M
4683,SEA,MFA23O56,051 - SMOKE HEATHER,S,07/04/25,GREYSON,,USA,,56,4683|SEA|MFA23O56|051 - SMOKE HEATHER|S
4683,SEA,MFA23O56,051 - SMOKE HEATHER,S,22/05/25,GREYSON,,USA,,5,4683|SEA|MFA23O56|051 - SMOKE HEATHER|S
4683,SEA,MFA23O56,051 - SMOKE HEATHER,XL,07/04/25,GREYSON,,USA,,52,4683|SEA|MFA23O56|051 - SMOKE HEATHER|XL
4683,SEA,MFA23O56,051 - SMOKE HEATHER,XL,22/05/25,GREYSON,,USA,,15,4683|SEA|MFA23O56|051 - SMOKE HEATHER|XL
4683,SEA,MSP22B03,051 - SMOKE HEATHER,31/32,07/04/25,GREYSON,,USA,,211,4683|SEA|MSP22B03|051 - SMOKE HEATHER|31/32
4683,SEA,MSP22B03,051 - SMOKE HEATHER,31/32,07/06/25,GREYSON,,USA,,1,4683|SEA|MSP22B03|051 - SMOKE HEATHER|31/32
4683,SEA,MSP22B03,051 - SMOKE HEATHER,32/32,07/04/25,GREYSON,,USA,,4844,4683|SEA|MSP22B03|051 - SMOKE HEATHER|32/32
4683,SEA,MSP22B03,051 - SMOKE HEATHER,32/32,07/06/25,GREYSON,,USA,,2,4683|SEA|MSP22B03|051 - SMOKE HEATHER|32/32
4683,SEA,MSP22B03,051 - SMOKE HEATHER,33/32,07/04/25,GREYSON,,USA,,3917,4683|SEA|MSP22B03|051 - SMOKE HEATHER|33/32
4683,SEA,MSP22B03,051 - SMOKE HEATHER,33/32,07/06/25,GREYSON,,USA,,2,4683|SEA|MSP22B03|051 - SMOKE HEATHER|33/32
4683,SEA,MSP22B03,051 - SMOKE HEATHER,34/32,07/04/25,GREYSON,,USA,,5545,4683|SEA|MSP22B03|051 - SMOKE HEATHER|34/32
4683,SEA,MSP22B03,051 - SMOKE HEATHER,34/32,07/06/25,GREYSON,,USA,,2,4683|SEA|MSP22B03|051 - SMOKE HEATHER|34/32
4683,SEA,MSP22B03,051 - SMOKE HEATHER,34/34,07/04/25,GREYSON,,USA,,71,4683|SEA|MSP22B03|051 - SMOKE HEATHER|34/34
4683,SEA,MSP22B03,051 - SMOKE HEATHER,34/34,07/06/25,GREYSON,,USA,,2,4683|SEA|MSP22B03|051 - SMOKE HEATHER|34/34
4683,SEA,MSP22B03,051 - SMOKE HEATHER,36/32,07/04/25,GREYSON,,USA,,5839,4683|SEA|MSP22B03|051 - SMOKE HEATHER|36/32
4683,SEA,MSP22B03,051 - SMOKE HEATHER,36/32,07/06/25,GREYSON,,USA,,1,4683|SEA|MSP22B03|051 - SMOKE HEATHER|36/32
4683,SEA,MSP22B03,051 - SMOKE HEATHER,36/34,07/04/25,GREYSON,,USA,,83,4683|SEA|MSP22B03|051 - SMOKE HEATHER|36/34
4683,SEA,MSP22B03,051 - SMOKE HEATHER,36/34,07/06/25,GREYSON,,USA,,1,4683|SEA|MSP22B03|051 - SMOKE HEATHER|36/34
4683,SEA,MSP22B23,051 - SMOKE HEATHER,32,06/04/25,GREYSON,,USA,,74,4683|SEA|MSP22B23|051 - SMOKE HEATHER|32
4683,SEA,MSP22B23,051 - SMOKE HEATHER,32,07/04/25,GREYSON,,USA,,1,4683|SEA|MSP22B23|051 - SMOKE HEATHER|32
4683,SEA,MSP22B23,051 - SMOKE HEATHER,33,06/04/25,GREYSON,,USA,,21,4683|SEA|MSP22B23|051 - SMOKE HEATHER|33
4683,SEA,MSP22B23,051 - SMOKE HEATHER,33,07/04/25,GREYSON,,USA,,1,4683|SEA|MSP22B23|051 - SMOKE HEATHER|33
4683,SEA,MSP22B23,051 - SMOKE HEATHER,34,06/04/25,GREYSON,,USA,,71,4683|SEA|MSP22B23|051 - SMOKE HEATHER|34
4683,SEA,MSP22B23,051 - SMOKE HEATHER,34,07/04/25,GREYSON,,USA,,1,4683|SEA|MSP22B23|051 - SMOKE HEATHER|34
4683,SEA,MSP22B23,051 - SMOKE HEATHER,36,06/04/25,GREYSON,,USA,,55,4683|SEA|MSP22B23|051 - SMOKE HEATHER|36
4683,SEA,MSP22B23,051 - SMOKE HEATHER,36,07/06/25,GREYSON,,USA,,1,4683|SEA|MSP22B23|051 - SMOKE HEATHER|36
4683,SEA,MSP22B23,051 - SMOKE HEATHER,38,06/04/25,GREYSON,,USA,,47,4683|SEA|MSP22B23|051 - SMOKE HEATHER|38
4683,SEA,MSP22B23,051 - SMOKE HEATHER,38,07/04/25,GREYSON,,USA,,1,4683|SEA|MSP22B23|051 - SMOKE HEATHER|38
4683,SEA,MSP23B03,417 - MALTESE BLUE,35/32,07/04/25,GREYSON,,USA,,40,4683|SEA|MSP23B03|417 - MALTESE BLUE|35/32
4683,SEA,MSP23B03,417 - MALTESE BLUE,35/32,07/06/25,GREYSON,,USA,,1,4683|SEA|MSP23B03|417 - MALTESE BLUE|35/32
4683,SEA,MSP23B26,100 - ARCTIC,32,06/04/25,GREYSON,,USA,,106,4683|SEA|MSP23B26|100 - ARCTIC|32
4683,SEA,MSP23B26,100 - ARCTIC,32,07/04/25,GREYSON,,USA,,64,4683|SEA|MSP23B26|100 - ARCTIC|32
4683,SEA,MSP23B26,100 - ARCTIC,33,06/04/25,GREYSON,,USA,,52,4683|SEA|MSP23B26|100 - ARCTIC|33
4683,SEA,MSP23B26,100 - ARCTIC,33,07/04/25,GREYSON,,USA,,35,4683|SEA|MSP23B26|100 - ARCTIC|33
4683,SEA,MSP23B26,100 - ARCTIC,34,06/04/25,GREYSON,,USA,,102,4683|SEA|MSP23B26|100 - ARCTIC|34
4683,SEA,MSP23B26,100 - ARCTIC,34,07/04/25,GREYSON,,USA,,40,4683|SEA|MSP23B26|100 - ARCTIC|34
4683,SEA,MSP23B26,100 - ARCTIC,35,06/04/25,GREYSON,,USA,,43,4683|SEA|MSP23B26|100 - ARCTIC|35
4683,SEA,MSP23B26,100 - ARCTIC,35,07/04/25,GREYSON,,USA,,35,4683|SEA|MSP23B26|100 - ARCTIC|35
4683,SEA,MSP23B26,100 - ARCTIC,36,06/04/25,GREYSON,,USA,,50,4683|SEA|MSP23B26|100 - ARCTIC|36
4683,SEA,MSP23B26,100 - ARCTIC,36,07/04/25,GREYSON,,USA,,59,4683|SEA|MSP23B26|100 - ARCTIC|36
4750,SEA,YFA25K65,100 - ARCTIC,L,07/04/25,GREYSON,,USA,,71,4750|SEA|YFA25K65|100 - ARCTIC|L
4750,SEA,YFA25K65,100 - ARCTIC,L,07/06/25,GREYSON,,USA,,25,4750|SEA|YFA25K65|100 - ARCTIC|L
4750,SEA,YFA25K65,100 - ARCTIC,M,07/04/25,GREYSON,,USA,,108,4750|SEA|YFA25K65|100 - ARCTIC|M
4750,SEA,YFA25K65,100 - ARCTIC,M,07/06/25,GREYSON,,USA,,27,4750|SEA|YFA25K65|100 - ARCTIC|M
4750,SEA,YFA25K65,100 - ARCTIC,S,07/04/25,GREYSON,,USA,,111,4750|SEA|YFA25K65|100 - ARCTIC|S
4750,SEA,YFA25K65,100 - ARCTIC,S,07/06/25,GREYSON,,USA,,30,4750|SEA|YFA25K65|100 - ARCTIC|S
4750,SEA,YFA25K65,100 - ARCTIC,XL,07/04/25,GREYSON,,USA,,25,4750|SEA|YFA25K65|100 - ARCTIC|XL
4750,SEA,YFA25K65,100 - ARCTIC,XL,07/06/25,GREYSON,,USA,,10,4750|SEA|YFA25K65|100 - ARCTIC|XL
4750,SEA,YFA25K65,100 - ARCTIC,XS,07/04/25,GREYSON,,USA,,87,4750|SEA|YFA25K65|100 - ARCTIC|XS
4750,SEA,YFA25K65,100 - ARCTIC,XS,07/06/25,GREYSON,,USA,,9,4750|SEA|YFA25K65|100 - ARCTIC|XS
7401-00,SEA,JWPO100060,BERING SEA,L,07/04/25,JOHNNIE O,,USA,,1642858185264,7401-00|JWPO100060|BERING SEA
7401-00,SEA,JWPO100060,BERING SEA,L,14/06/25,JOHNNIE O,,USA,,285,7401-00|JWPO100060|BERING SEA
7401-00,SEA,JWPO100060,KONA,L,07/04/25,JOHNNIE O,,USA,,1151961766742,7401-00|JWPO100060|KONA
7401-00,SEA,JWPO100060,KONA,S,14/06/25,JOHNNIE O,,USA,,10461,7401-00|JWPO100060|KONA
7692-00,SEA,JWPO100060,RASPBERRY WINE,S,07/04/25,JOHNNIE O,,USA,,2087322962130,7692-00|JWPO100060|RASPBERRY WINE
7692-00,SEA,JWPO100060,RASPBERRY WINE,L,14/06/25,JOHNNIE O,,USA,,2211,7692-00|JWPO100060|RASPBERRY WINE
7692-00,SEA,JWPO100060,WHITE,XS,07/04/25,JOHNNIE O,,USA,,5567197217121,7692-00|JWPO100060|WHITE
7692-00,SEA,JWPO100060,WHITE,M,14/06/25,JOHNNIE O,,USA,,113,7692-00|JWPO100060|WHITE
